Aalscholver/Great Cormorant ;78
aalscholver, Dwerg-;78
Aalscholver, Geoorde ;418
Aalscholver, Grote ;78 
aalscholver, Kuif-;78
Aasgier / Egyptian Vulture ;92 
Accipiter badius ;419 
Accipiter brevipes ;114
Accipiter gentilis ;112 
Accipiter nisus ;112
Acridotheres tristis ;425 
Acrocephalus agricola ;320 
Acrocephalus arundinaceus ;322
Acrocephalus dumetorum ;320 
Acrocephalus griseldis ;322
Acrocephalus melanopogon ;314 
Acrocephalus orientalis ;420 
Acrocephalus paludicola ;314
Acrocephalus palustris ;320 
Acrocephalus schoenobaenus ;314
Acrocephalus scirpaceus ;320 
Acrocephalus stentoreus ;322
Actitis hypoleucos ;154 
Actitis macularius ;168
Aegithalos caudatus ;346 
Aegolius funereus ;226 
Aegypius monachus ;90
Aenigmatolimnas marginalis ;419
Aethia cristatella ;420 
Aethia psittacula ;420
Afrikaans Porseleinhoen / Striped Crake ;419 
Afrikaans Waterhoen / LesserMoorhen ;419 
Afrikaanse Gaper / African Openbill ;419
Afrikaanse Koningsstern / African Royal Tern ;202
Afrikaanse Kwartelkoning / African Crake ;419
Afrikaanse Lepelaar / African Spoonbill ;423
Afrikaanse Maraboe / Marabou Stork ;419 
Afrikaanse Nimmerzat / Yellow-billed Stork ;410 
Afrikaanse Roodborsttapuit / African Stonechat ;292 
Afrikaanse Schaarbek / African Skimmer ;420
Afrikaanse Slangenhalsvogel/ African Darter ;418 
Afrikaanse Velduil / Marsh Owl ;228
Afrikaanse Woestijngrasmus / African Desert Warbler ;312 
Afrikaanse Woudaap / Dwarf Bittern ;409
Afrikaans Porseleinhoen / Striped Crake ;419
Afrikaans Purperhoen / Allen's Gallinule ;411
Agapornis fischeri ;424 
Agapornis, Fischers ;424
Agropsar sturninus ;421 
Aix galericulata ;423 
Aix sponsa ;422
Alaemon alaudipes ;256 
Alaskastrandloper / Western Sandpiper ;164 
Alauda arvensis ;248 
Alauda gulgula ;248
Alauda leucoptera ;254 
albatros, Atlantische Geelneus- ;418
albatros, Tristan- ;418
albatros, Wenkbrauw- ;76 
albatros, Witkap-;418
Alca torda ;210
Alcedo atthis ;238 
Alectoris barbara ;54
Alectoris chukar ;54 
Alectoris graeca ;54 
Alectoris rufa ;54
Aleoetenstern / Aleutian Tern ;420
Algerijnse Boomklever / Algerian Nuthatch ;348
Alk/Razorbill ;210 
Alk, Aziatische Marmer- ;420
Alk, Kleine ;208 
alk, Kuif-;420
alk, Papegaai- ;420
alk, Zilver-;420 
Alle alle ;208
Alopochen aegyptiaca ;22 
Alpengierzwaluw / Alpine Swift ;236
Alpenheggenmus / Alpine Accentor ;274
Alpenkauw / Alpine Chough ;364
Alpenkraai / Red-billed Chough ;364 
Alpensneeuwhoen / Rock Ptarmigan ;48 
Amandava amandava ;426 
Amerikaans Purperhoen / Purple Gallinule ;411
Amerikaanse Blauwe Reiger / Great Blue Heron ;419 
Amerikaanse Bontbekplevier / Semipalmated Plover ;138 
Amerikaanse Boslijster / Wood Thrush ;420
Amerikaanse Bosruiter / Solitary Sandpiper ;168 
Amerikaanse Dwergstern / Least Tern ;420
Amerikaanse Fregatvogel / Magnificent Frigatebird ;409
Amerikaanse Goudplevier / American Golden Plover ;144
Amerikaanse Grote Stern / American Sandwich (Cabot's) Tern ;198 
Amerikaanse Grote Zee-eend / American White-winged Scoter ;46
Amerikaanse Houtsnip / American Woodcock ;419
Amerikaanse Kleine Zilverreiger / Snowy Egret ;82,;410
Amerikaanse Klifzwaluw / American Cliff Swallow ;415
Amerikaanse Meerkoet / American Coot ;411
Amerikaanse Nachtzwaluw / Common Nighthawk ;234
Amerikaanse Oeverloper / Spotted Sandpiper ;168 
Amerikaanse Regenwulp / Hudsonian Whimbrel ;158 
Amerikaanse Roodstaart / American Redstart ;404 
Amerikaanse Smient / American Wigeon ;26 
Amerikaanse Tafeleend / Redhead ;46
Amerikaanse Torenvalk / American Kestrel ;411
Amerikaanse Watersnip / Wilson's Snipe ;413
Amerikaanse Wintertaling / Green-winged Teal ;46 
Amerikaanse Woudaap / Least Bittern ;418 
Amerikaanse Zeearend / Bald Eagle ;419
Amerikaanse Zee-eend / American Scoter ;46 
Amerikaanse Zilvermeeuw / American Herring Gull ;184
Amerikaanse Zwarte Eend / American Black Duck ;24
Amerikaanse Zwarte Stern / American Black Tern ;206 
Ammomanes cinctura ;252 
Ammomanes deserti ;252
Ammoperdix griseogularis ;54 
Ammoperdix heyi ;54
Amoerroodpootvalk / Amur Falcon ;411
Anas acuta ;24
Anas americana ;26
Anas capensis ;408 
Anas carolinensis ;46
Anas clypeata ;26
Anas crecca ;28
Anas cyanoptera ;423
Anas discors ;28 
Anas erythrorhyncha ;418
Anas falcata ;408 
Anas formosa ;28
Anas penelope ;26
Anas platyrhynchos ;24 
Anas querquedula ;28
Anas rubripes ;24 
Anas strepera ;24
Anastomus lamelligerus ;419 
Anatolische Woestijnplevier / Anatolian Sand Plover ;140
Anhinga rufa ;418 
Anous stolidus ;420 
Anser albifrons ;16
Anser (albifrons) flavirostris ;16 
Anser anser ;18
Anser brachyrhynchus ;18 
Anser caerulescens ;14
Anser canagicus ;422 
Anser erythropus ;16
Anser fabalis ;18 
Anser indicus ;22
Anser rossii ;14, ;422
Anser serrirostris ;18
Anthus berthelotii ;264
Anthus campestris ;262
Anthus cervinus ;268
Anthus godlewskii ;262 
Anthus gustavi ;268 
Anthus hodgsoni ;266
Anthus petrosus ;264
Anthus pratensis ;266
Anthus richardi ;262
Anthus rubescens ;264
Anthus similis ;262
Anthus spinoletta ;264
Anthus trivialis ;266
Appelvink / Hawfinch ;384
Apus affinis ;236
Apus apus ;236
Apus caffer ;236
Apus melba ;236
Apus pacificus ;415
Apus pallidus ;236
Apus unicolor ;236
Aquila adalberti ;94
Aquila chrysaetos ;94
Aquila clanga ;96
Aquila fasciata ;100
Aquila heliaca ;94
Aquila nipalensis ;98
Aquila pennata ;100
Aquila pomarina ;96
Aquila rapax ;98
Aquila verreauxii ;98
Aquila wahlbergi ;419
Arabische Babbelaar / Arabian Babbler ;360
Arabische Bulbul / White. spectacled Bulbul ;358
Arabische Stern / White-cheeked Tern ;204
Arabische Trap / Arabian Bustard ;412
Arabische Woestijnpatrijs / Sand Partridge ;54
Arabische Zwartkop / Arabian Warbler ;304
Aratinga acuticauda ;425
aratinga, Blauwkop- ;425
Ardea cinerea ;84
Ardea goliath ;410
Ardea herodias ;419
Ardea melanocephala ;419
Ardea purpurea ;84
Ardeola bacchus ;418
Ardeola ralloides ;82 
Ardeotis arabs ;412
Arenaria interpres ;148
arend, Amerikaanse Zee- ;419
arend, Bastaard- ;96
arend, Dwerg- ;100
arend, Havik- ;100
arend, Keizer- ;94
arend, Savanne- ;98
arend, Schreeuw- ;96
arend, Slangen- ;100
arend, Spaanse Keizer- ;94
arend, Steen- ;94
arend, Steppe- ;98
arend, Vis- ;92
Arend, Wahlbergs ;419
arend, Witbandzee-;410
arend, Zee- ;92
Arend. Zwarte ;98
Arendbuizerd / Long-legged Buzzard ;106
Armeense Meeuw / Armenian Gull ;186
Ascensionfregatvogel / Ascension Frigatebird ;418
Asio capensis ;228
Mammeus ;228
Mammeus otus ;228
Athene noctua ;232
Athene vidali ;232
Atlantische Geelneusalbatros / Atlantic Yellow-nosed Albatross ;418
Atlasbergvink / African Crimson-winged Finch ;390
Atlasgrasmus /Tristram's Warbler ;310
Atlasvink / Atlas Chaffinch ;376
Atlasvliegenvanger / Atlas Flycatcher ;340
Audouins Meeuw / Audouin's Gull ;186
Auerhoen / Western Capercaillie ;50
Australische Grote Pilstorm-vogel / Flesh-footed Shearwater ;418
Avonddikbek / Evening Grosbeak ;416
Aythya affinis ;46
Aythya americana ;46
Aythya collaris ;32
Aythya ferina ;30
Aythya fuligula ;32
Aythya marila ;32
Aythya nyroca ;30 
Aythya valisineria ;46
Aziatische Goudplevier / Pacific Golden Plover ;144
Aziatische Grote Zee-eend / Asian White-winged Scoter ;46
Aziatische Klapekster / Asian Grey Shrike ;352
Aziatische Marmeralk / Long-billed Murrelet ;420
Aziatische Roodborsttapuit / Siberian Stonechat ;292
Aziatische Steenpatrijs / Chukar Partridge ;54
Aziatische Wespendief / Crested Honey Buzzard ;110
Azuurmees / Azure Tit ;342
Azuurzanger / Cerulean Warbler ;421
Baardman / Bearded Reedling ;346
Babbelaar, Arabische ;360
Babbelaar, Bruingele ;360
Billons Kleine Pilstormvogel / Tropical Shearwater ;418
Bairds Strandloper / Baird's Sandpiper ;164
Balearische Grasmus / Balearic Warbler ;310
Balearische Roodkopklauwier / Balearic Woodchat Shrike ;356
Balkanbaardgrasmus / Eastern Subalpine Warbler ;308
Balkanbergfluiter / Eastern Bonelli's Warbler ;328
Balkankwikstaart / Black-headed Wagtail ;270
Balkansperwer / Levant Sparrowhawk ;114
Balkanvliegenvanger / Semi-collared Flycatcher ;340
Baltimoretroepiaal / Baltimore Oriole ;406
Baltische Mantelmeeuw / Baltic Gull ;190
Bandijsvogel / Belted Kingfisher ;238
Barabameeuw / Baraba Gull ;191
Barbarijse Frankolijn / Double-spurred Francolin ;52
Barbarijse Patrijs / Barbary Partridge ;54
Barbarijse Tortel / Barbary Dove ;424
Barbarijse Valk / Barbary Falcon ;120
Barmsijs, Groenlandse ;378 
barmsijs, Groenlandse Witstuit- ;378
Barmsiis, Grote ;378
Barmsijs, Kleine ;378
barmsijs, Witstuit- ;378
Bartramia longicauda ;170
Bartrams Ruiter / Upland Sandpiper ;170
Basrakarekiet / Basra Reed Warbler ;322
Bastaardarend / Greater Spotted Eagle ;96
Bateleur / Bateleur ;411
Beflijster / Ring Ouzel ;296
Bengaalse Stern / Lesser Crested Tern ;202
Bergeend / Common Shelduck ;22
Bergfluiter / Western Bonelli's Warbler ;328
bergfluiter, Balkan- ;328
Bergheggenmus / Siberian Accentor ;274
Berghoen, Kaspisch ;52
Berghoen, Kaukasisch ;52
Bergkalanderleeuwerik / Bimaculated Lark ;254
Bergtjiftjaf / Mountain Chiffchaff ;330
Beringmeeuw / Glaucous-winged Gull ;419
Berthelots Pieper / Berthelot's Pipit ;264
Beukenfeetiran / Acadian Flycatcher ;420
Bijeneter / European Bee-eater ;240
Bijeneter, Groene ;240
Bijeneter, Kleine Groene ;240
bijeneter, Witkeel-;420 
Bladkoning / Yellow-browed Warbler ;334
Bladkoning, Humes ;334
Blauwborst / Bluethroat ;278
blauwborst, Roodster- ;278
blauwborst, Witster- ;278
Blauwe Ekster / Iberian Magpie ;360
Blauwe Kiekendief / Hen Harrier ;104
Blauwe Nachtegaal / Siberian Blue Robin ;416
Blauwe Reiger / Grey Heron ;84
Blauwe Rotslister / Blue Rock Thrush ;296
Blauwe Vink / Blue Chaffinch ;376
Blauwe Zwartkeelzanger / Black-throated Blue Warbler ;421
Blauwkoparatinga / Blue-crowned Parakeet ;425
Blauwstaart / Red-flanked Bluetail ;278
Blauwvleugeltaling / Blue-winged Teal ;28
Blauwvleugelzanger / Blue-winged Warbler ;421
Bleke Rotsmus / Pale Rockfinch ;374
Blonde Ruiter / Buff-breasted Sandpiper ;166
Bobolink / Bobolink ;406
Bobwhite / Northern Bobwhite ;423
Boerenzwaluw / Barn Swallow ;260
Bokje / Jack Snipe ;160
Bolles Laurierduif / Bolle's Pigeon ;216
Bombvcilla cedrorum ;415
Bombvcilla garrulus ;272
Bonapartes Strandloper / White-rumped Sandpiper ;164
Bont Stormvogeltje / White-faced Storm Petrel ;74
Bontbekplevier / Common Ringed Plover ;138
Bonte IJsvogel / Pied Kingfisher ;238
Bonte Kraai / Hooded Crow ;366
Bonte Lister / Varied Thrush ;420
Bonte Stern / Sooty Tern ;204
Bonte Strandloper / Dunlin ;150
Bonte Tapuit / Pied Wheatear ;284
Bonte Vliegenvanger / European Pied Flycatcher ;340
Bonte Zanger / Black-and-white Warbler ;404
Boomklever / Eurasian Nuthatch ;348
Boomklever, Algeriinse ;348
Boomklever, Canadese ;421
Boomklever, Corsicaanse ;348
Boomklever, Turkse ;348
Boomkruiper / Short-toed Treecreeper ;350
boomkruiper, Kortsnavel- ;350
boomkruiper, Taiga- ;350
Boomleeuwerik / Woodlark ;250
Boompieper / Tree Pipit ;266
Boomvalk / Eurasian Hobby ;118
Boomzwaluw / Tree Swallow ;420
Bosgors / Rustic Bunting ;394
Boskoekoek / Oriental Cuckoo ;220
Bosrietzanger / Marsh Warbler ;320
Bosruiter / Wood Sandpiper ;154
Bosuil / Tawny Owl ;230
Botaurus lentiginosus ;80
Botaurus stellaris ;80
Braamsluiper / Lesser Whitethroat ;304
Braamsluiper, Humes ;304
Braamsluiper, Siberische ;304
Braamsluiper, Vale ;304
braamsluiper, Woestijn- ;304
Brachyramphus perdix ;420
Brandgans / Barnacle Goose ;20
Branta bernicla ;20
Branta canadensis ;20
Branta hrota ;20
Branta hutchinsit ;20
Branta leucopsis ;20
Branta nigricans ;20
Branta ruficollis ;22
Breedbekstrandloper / Broad-billed Sandpiper ;150
Brilduiker / Common Goldeneve ;42
Brilduiker, Islandse ;42
Brileider / Spectacled Eider ;408
Brilgrasmus / Spectacled Warbler ;308
Brilparulazanger / Northern Parula ;404
Brilstern / Bridled Tern ;204
Brilzee-eend / Surf Scoter ;38
Bronskopeend / Falcated Duck ;408
Bruine Boszanger / Dusky Warbler ;334
Bruine Gent / Brown Booby ;76
Bruine Kiekendief / Western Marsh Harrier ;102
Bruine Klauwier / Brown Shrike ;354
Bruine Krooneend / Southern Pochard ;418
Bruine Lister / Dusky Thrush ;300
Bruine Visuil / Brown Fish Owl ;222
Bruine Vliegenvanger / Asian Brown Flycatcher ;338
Bruingele Babbelaar / Fulvous Babbler ;360
Bruinkeelortolaan / Cretzschmar's Bunting ;396
Bruinkopgors / Red-headed Bunting ;400
Bruinkopkoevogel / Brown-headed Cowbird ;421
Bruinkopmees / Grey-headed Chickadee ;344
Bruinkopmeeuw / Brown-headed Gull ;419
Bruinnekraaf / Brown-necked Raven ;368
Bubo ascalaphus ;222
Bubo bubo ;222
Bubo scandiacus ;224
Bubo zeylonensis ;222
Bubulcus ibis ;82
Bucanetes githagineus ;390
Bucanetes mongolicus ;390
Bucephala albeola ;46
Bucephala clangula ;42
Bucephala islandica ;42
Buffelkopeend / Bufflehead ;46
Buidelmees / Eurasian Penduline Tit ;346
Buizerd / Common Buzzard ;108
buizerd, Arend- ;106
buizerd, Ruigpoot- ;108
buizerd, Steppe- ;106
Bulweria bulwerii ;72
Bulwers Stormvogel / Bulwer's Petrel ;72
Burgemeester, Grote ;194
Burgemeester, Kleine ;194
Burhinus oedicnemus ;136
senegalensis ;136
Buteo buteo ;108
Buteo buteo vulpinus ;106
Buteo lagopus ;108
Buteo rufinus ;106
Butorides striatus ;80
Butorides virescens ;80, ;410
Buulbuul, Arabische ;358
Buulbul, Grauwe ;358
buulbul, Witoor- ;358
Calandrella acutirostris ;420
Calandrella brachydactyla ;250
Calandrella rufescens ;250
Calcarius lapponicus ;394
Calidris acuminata ;166
Calidris alba ;148
Calidris alpina ;150
Calidris bairdii ;164
Calidris canutus ;148
Calidris ferruginea ;150
Calidris fuscicollis ;164
Calidris himantopus ;170
Calidris maritima ;148
Calidris mauri ;164
Calidris melanotos ;166
Calidris minuta ;152
Calidris minutilla ;152
Calidris pusilla ;164 
Calidris ruficollis ;164 
Calidris subminuta ;152
Calidris temminckii ;152
Calidris tenuirostris ;412
Californische Kuifkwartel / California Quail ;423
Calliope calliope ;278
Callipepla californica ;423
Calonectris borealis ;68
Calonectris diomedea ;68
Calonectris edwardsii ;68
Calonectris leucomelas ;418
Canadese Boomklever / Red-breasted Nuthatch ;421
Canadese Kraanvogel / Sand-hill Crane ;412
Canadese Zanger / Canada Warbler ;421
Canarische Goudhaan / Canary Islands Kinglet ;336
Canarische Roodborsttapuit / Canary Islands Bush Chat ;292
Canarische Tjiftjaf / Canary Islands Chiffchaff ;330
Canarische Woestijnklapekster / Canary Islands Desert Grey Shrike ;352
Caprimulgus aegyptius ;234
Caprimulgus europaeus ;234
Caprimulgus eximius ;420
Caprimulgus nubicus ;234
Caprimulgus ruficollis ;234
Cardellina canadensis ;421
Cardellina pusilla ;421
Carduelis cabaret ;378
Carduelis cannabina ;378
Carduelis carduelis ;380
Carduelis citrinella ;380
Carduelis corsicana ;380
Carduelis flammea ;378
Carduelis (flammea) rostrata ;378
Carduelis flavirostris ;378
Carduelis flavirostris brevirostris ;378
Carduelis hornemanni ;378
Carduelis (hornemanni) exilipes ;378
Carduelis spinus ;380
Carolina-eend / Wood Duck ;422
Carpodacus erythrinus ;388
Carpodacus roseus ;421
Carpodacus rubicilla ;388
Carpodacus synoicus ;388
Carpospiza brachydactyla ;374
Casarca / Ruddy Shelduck ;22
Casarca, Kaapse ;422
Casmerodius albus ;82
Catharus fuscescens ;298
Catharus guttatus ;298
Catharus minimus ;298
Catharus ustulatus ;298
Cecropis daurica ;260
Cederpestvogel / Cedar Waxwing ;415
Centropus senegalensis ;220
Cepphus grylle ;208
Cercotrichas galactotes ;276
Cercotrichas podobe ;416
Certhia brachydactyla ;350
Certhia familiaris ;350
Ceryle rudis ;238
Cettia cetti ;318
Cettis Zanger / Cettis Warbler ;318
Chaetura pelagica ;415
Charadrius alexandrinus ;140
Charadrius asiaticus ;142
Charadrius dubius ;138
Charadrius hiaticula ;138
Charadrius leschenaultii ;140
Charadrius mongolus ;140
Charadrius morinellus ;142
Charadrius pecuarius ;140
Charadrius semipalmatus ;138
Charadrius tricollars ;419
Charadrius veredus ;419
Charadrius vociferus ;138
Chersophilus duponti ;256
Chileense Flamingo / Chilean Flamingo ;86, ;424
Chinees Stormvogeltje / Swinhoe's Storm Petrel ;74
Chinese Karekiet / Oriental Reed Warbler ;420
Chinese Klauwier / Chinese Shrike ;354
Chinese Ralreiger / Chinese Pond Heron ;418
Chlamvdotis undulata ;130
Chlamvdotis macqueenii ;130
Chlidonias hybrida ;206
Chlidonias leucopterus ;206
Chlidonias niger ;206
Chlidonias (niger) surinamensis ;206
Chloris chloris ;380
Chondestes grammacus ;421
Chordeiles minor ;234
Chroicocephalus
Chroicocephalus brunnicephalus ;419
Chroicocephalus cirrocephalus ;413
Chroicocephalus genei ;180
Chroicocephalus philadelphia ;180
Chroicocephalus ridibundus ;180
Chrysococeyr caprius ;420
Chrysolophus amherstiae ;58
Chrysolophus pictus ;58
Ciconia ciconia ;84
Ciconia nigra ;84
Cinclus cinclus ;272
Cinnyris osea ;358
Circaetus gallicus ;100
Circus aeruginosus ;102
Circus evaneus ;104
Circus macrourus ;104
Circus pygargus ;104
Cirlgors / Cirl Bunting ;398
Cisticola juncidis ;314
Citroensijs / Citril Finch ;380
Citroenkwikstaart / Citrine Wagtail ;270
Clamator glandarius ;220
Clangula hyemalis ;40
Coccothraustes coccothraustes ;384
Cocevzus americanus ;220 erythropthalmus ;220
Colaptes auratus ;420
Colinus virginianus ;423
Columba bollii ;216 
Columba eversmanni ;420
Columba junoniae ;216
Columba livia ;214
Columba livia (gedomesticeerd) ;214
Columba oenas ;214
Columba palumbus ;214
Columba trocaz ;216
Coracias garrulus ;240
Coromandeleend / Cotton Pygmy Goose ;418
Corsicaanse Boomklever / Corsican Nuthatch ;348
Corsicaanse Citroensiis / Corsican Finch ;380
Corvus corax ;366
Corvus cornix ;366
Corvus corone ;366
Corvus dauuricus ;416
Corvus frugilegus ;366
Corvus monedula ;364
Corvus rhipidurus ;368
Corvus ruficollis ;368
Corvus splendens ;368
Coturnix coturnix ;56
Crer crex ;56
Crex egregia ;419
Cuculus canorus ;220
Cuculus optatus ;220
Cursorius cursor ;136
Cyanistes caeruleus ;342
Cyanistes cyanus ;342
Cyanistes teneriffae ;342
Cyanistes ultramarinus ;342
Cranopica cooki ;360
Cranopica cyanus ;360
Cygnus atratus ;422
Cygnus bewickii ;14
Cygnus columbianus ;14
Cygnus cygnus ;14
Cygnus olor ;14
Cyprusdwergooruil / Cyprus Scops Owl ;232
Cyprusgrasmus / Cyprus Warbler ;306
Cyprustapuit / Cyprus Wheatear ;284
Daption capense ;418
Daurische Kauw / Daurian Jackdaw ;416
Daurische Klauwier / Daurian Shrike ;354
Daurische Spreeuw / Daurian Starling ;421
Delichon urbicum ;260
Dendrocopos leucotos ;246
Dendrocopos (leucotos) lilfordi ;246
Dendrocopos major ;244
Dendrocopos medius ;244
Dendrocopos minor ;246
Dendrocopos svriacus ;244
Dendrocy gna bicolor ;418
Dendrocy javanica ;418
Diadeemroodstaart / Mous-sier's Redstart ;280
Dickcissel / Dickcissel ;421
Dicrurus leucophaeus ;420
Diederikkoekoek / Diederik
Cuckoo ;420
dikbek, Avond-;416 
Dikbekfuut / Pied-billed Grebe ;64
Diksnavelleeuwerik /Thick-billed Lark ;254
Diksnavelrietzanger /Thick-billed Warbler ;322
Diomedea dabbenena ;418
Dodaars / Little Grebe ;64
Dolichonyx oryzivorus ;406
Donkere Woestiinklapekster / Dark Desert Grey Shrike ;352
Donkere Zanghavik / Dark Chanting Goshawk ;114
Donsstormvogel / Soft-plumaged Petrel ;72, ;418
Dougalls Stern / Roseate Tern ;200
Draaihals / Eurasian Wryneck ;246
Driebandplevier /Three-banded Plover ;419
Driekleurennon / Black-headed Munia ;426
Drieteenmeeuw / Black-legged Kittiwake ;192
Drieteenspecht / Eurasian Three-toed Woodpecker ;246
Drieteenstrandloper / Sanderling ;148
Dromas ardeola ;412
Drongo, Griize ;420
Dryocopus martius ;242
duif, Bolles Laurier- ;216
duif, Holen- ;214
duif, Hout- ;214
duif, Laurier- ;216
duif, Masker- ;216
duif, Oosterse Holen- ;420
duif, Rots- ;214
duif, Stads- ;214
duif. Treur- ;414
duif, Trocaz- ;216
duiker, Geelsnavel- ;62
duiker, IJs-;62
duiker, Pacifische Parel-;61, ;408
duiker, Parel- ;61
duiker, Roodkeel-;60
Dumpieper / Tawny Pipit ;262
Dumetella carolinensis ;416
Dunbekkerkuil / Slender-billed Barn Owl ;230
Dunbekmeeuw / Slender-billed Gull ;180
Dunbekwulp / Slender-billed Curlew ;170
Dunns Leeuwerik / Dunn's Lark ;252
Duponts Leeuwerik / Dupont's Lark ;256
Dwergaalscholver / Pygmy Cormorant ;78
Dwergarend / Booted Eagle ;100
Dwerggans / Lesser White-fronted Goose ;16
Dwerggors / Little Bunting ;392
Dwerglijster / Swainson's Thrush ;298
Dwergmeeuw / Little Gull ;192
Dwergooruil / Eurasian Scops Owl ;232
Dwergstern / Little Tern ;198
Dwergtjiftjaf / Plain Leaf Warbler ;420
Dwerguil / Eurasian Pygmy Owl ;226
Cend, Amerikaanse Grote Zee-;46
eend, Amerikaanse Tafel- ;46
eend, Amerikaanse Zee- ;46
Eend, Amerikaanse Zwarte ;24
eend, Aziatische Grote Zee- ;46
eend, Berg- ;22
eend, Brilzee- ;38
eend, Bronskop-;408
eend, Bruine Kroon- ;418
eend, Buffelkop-;46
eend, Carolina- ;422
eend, Coromandel- ;418
eend, Grote Tafel- ;46
eend, Grote Zee- ;38
eend, Harlekin- ;40
eend, IJs-;40
eend. Indische Fluit- ;418
eend, Krak-;24
eend, Kroon- ;30
eend, Kuif- ;32
eend, Mandarin- ;423
eend, Marmer- ;26
eend, Pacifische Grote Zee- ;46
eend, Ringsnavel- ;32
eend, Slob- ;26
eend, Tafel- ;30
Eend, Wilde ;24
eend, Witkop-;44
eend, Witoog- ;30
eend, Zwarte Zee- ;38
Egretta ardesiaca ;419
Egretta caerulea ;419
Egretta garzetta ;82
Egretta gularis ;82
Egretta thula ;82, ;410
Egretta tricolor ;419
Egyptische Nachtzwaluw /
Egyptian Nightjar ;234
Eider / Common Eider ;36
elder, Bril- ;408
eider, Konings- ;36
Eider, Stellers ;36
Ekster / Eurasian Magpie ;360
Ekster, Blauwe ;360
ekster, Maghreb- ;360
Elanoides forficatus ;419
Elanus caeruleus ;114
Eleonora's Valk / Eleonora's
Falcon ;118
Elzenfeetiran / Alder Flycatcher ;420
Emberiza aureola ;400
Emberiza bruniceps ;400
Emberiza buchanani ;396
Emberiza caesia ;396
Emberiza calandra ;402
Emberiza chrysophrys ;392
Emberiza cia ;402
Emberiza cineracea ;398
Emberiza cirlus ;398
Emberiza citrinella ;398
Emberiza fucata ;421
Emberiza hortulana ;396
Emberiza leucocephalos ;398
Emberiza melanocephala ;400
Emberiza pallasi ;392
Emberiza pusilla ;392
Emberiza rustica ;394
Emberiza rutila ;400
Emberiza sahari ;402
Emberiza schoeniclus ;392
Emberiza spodocephala ;417
Emberiza striolata ;402
Empidonax alnorum ;420
Empidonax minimus ;420
Empidonax virescens ;420
Engelse Kwikstaart / Yellow Wagtail ;270
Eremalauda dunni ;252
Eremophila alpestris ;256
Eremophila bilopha ;256
Eremophila fava ;256
Eremophila penicillata ;256
Eremopterix nigriceps ;252
Eremopterix signatus ;420
Erithacus rubecula ;276
Eskimowulp / Eskimo Curlew ;419
Estrilda astrild ;426
Ethiopische Zwaluw / Ethiopian Swallow ;420
Euplectes afer ;425
Europese Kanarie / European Serin ;382
Eversmanns Roodstaart / Eversmann's Redstart ;420
Falco amurensis ;411
Falco biarmicus ;122
Falco cherrug ;122
Falco columbarius ;120
Falco concolor ;118
Falco eleonorae ;118
Falco naumanni ;116
Falco pelegrinoides ;120
Falco peregrinus ;120
Falco rusticolus ;122
Falco sparverius ;411
Falco subbuteo ;118
Falco tinnunculus ;116
Falco vespertinus ;116
Fazant / Common Pheasant ;58
fazant, Goud-;58
fazant, Konings-;423
fazant, Lady-Amherst- ;58
Ficedula albicilla ;338
Ficedula albicollis ;340
Ficedula hypoleuca ;340
Ficedula mugimaki ;420
Ficedula parva ;338
Ficedula semitorquata ;340
Finsch Tapuit / Finsch's Wheatear ;286
Fischers Agapornis / Fischer's Lovebird ;424
Fitis / Willow Warbler ;328
Fitis, Grauwe ;332
Fitis, Groene ;332
Flamingo / Greater Flamingo ;86
Flamingo, Chileense ;86, ;424
Flamingo, Kleine ;424
Flamingo, Rode ;86, ;424
Fluiteend, Rosse ;418
Fluiter / Wood Warbler ;328
Fluitzwaan / Whistling Swan ;14
Forsters Stern / Forster's Tern ;204
Francolinus francolinus ;52
Franjepoot. Grauwe ;162
Franjepoot, Grote ;162
Franjepoot, Rosse ;162
Franklins Meeuw / Franklin's Gull ;196
Frankolijn, Barbariise ;52
Frankolijn, Zwarte ;52
Frater / Twite ;378
Fratercula arctica ;208
Fratercula cirrhata ;420
Fregata aquila ;418
Fregata ariel ;418
Fregata magnificens ;409
Fregatvogel, Amerikaanse ;409
fregatvogel, Ascension- ;418
Fregatvogel, Kleine ;418
Fregetta tropica ;418
Freira / Zino's Petrel ;72
Fringilla coelebs ;376
Fringilla (coelebs) canariensis ;376
Fringilla (coelebs) spodiogenys ;376
Fringilla montifringilla ;376
Fringilla teydea ;376
Fulica americana ;411
Fulica atra ;126
Fulica cristata ;126
Fulmarus glacialis ;68
Fuut / Great Crested Grebe ;66
fuut, Dikbek- ;64
Fuut, Geoorde ;64
fuut, Roodhals- ;66
Gaai / Eurasian Jav ;362
gaai, Taiga- ;362
Galerida cristata ;248
Galerida macrorhyncha ;248
Galerida theklae ;248
Gallinago delicata ;413
Gallinago gallinago ;160
Gallinago media ;160
Gallinago megala ;413
Gallinago stenura ;172
Gallinula angulata ;419
Gallinula chloropus ;126
gans, Brand- ;20
gans, Dwerg- ;16
Gans, Grauwe ;18
gans, Groenlandse Kol- ;16
Gans, Grote Canadese ;20
Gans, Indische ;22
gans, Keizer-;422
Gans, Kleine Canadese ;20
gans, Kleine Riet- ;18
gans, Kol- ;16
gans, Nijl- ;22
gans, Roodhals- ;22
Gans, Ross';14. ;422
gans, Rot- ;20
gans, Sneeuw- ;14
gans, Spoorwiek-;418
gans, Taigariet- ;18
gans, Toendrariet- ;18
gans, Witbuikrot-;20
gans, Zwarte Rot- ;20
Gaper, Afrikaanse ;419
Garrulus glandarius ;362
Gavia adamsit ;62
Gavia arctica ;61
Gavia immer ;63
Gavia pacifica ;61, ;408
Gavia stellata ;60
Geelborstvireo / Yellowthroated Vireo ;421
Geelbrauwgors / Yellowbrowed Bunting ;392
Geelbuiksapspecht / Yellowbellied Sapsucker ;415
Geelgors / Yellowhammer ;398
Geelkoptroepiaal / Yellowheaded Blackbird ;421
Geelkruinkwak / Yellowcrowned Night Heron ;418
Geelpootmeeuw / Yellowlegged Gull ;186
Geelsnavelduiker / Yellowbilled Loon ;62
Geelsnavelkoekoek / Yellowbilled Cuckoo ;220
Geelsnavelwouw / Yellowbilled Kite ;102
Geelvleugelzanger / Goldenwinged Warbler ;421
Gekraagde Roodstaart / Common Redstart ;280
Gele Kwikstaart / Blue-headed Wagtail ;270
Gele Zanger / American Yellow Warbler ;404
Gele Zwartkeelzanger / Black-throated Green Warbler ;42
Gelochelidon nilotica ;198
Gent, Bruine ;76
gent, Masker- ;409
gent, Roodpoot-;418
Geokichla sibirica ;300
Georde Aalscholver / Double. crested Cormorant ;418
Georde Fuut / Black-necked Grebe ;64
Geothlypis trichas ;417
Geronticus premita ;86
Gestreepte Dwergooruil / Pallid Scops Owl ;232
Gestreepte Gors / Striolated Bunting ;402
Gestreepte Pijlstormvogel / Streaked Shearwater ;418
Gestreepte Prinia / Graceful Prinia ;312
Gestreepte Strandloper / Pectoral Sandpiper ;166
Gestreepte Vechtkwartel / Common Buttonquail ;56
Gewone Maskerzanger / Common Yellowthroat ;417
gier, Aas-;92
gier, Lammer-;89
gier, Monniks-;90
gier, Oor- ;90
Gier, RÃ¼ppells ;90
Gier, Vale ;90
gier, Witrug-;419
Giervalk / Gyrfalcon ;122
Gierzwaluw / Common Swift ;236
gierzwaluw, Alpen- ;236
gierzwaluw, Huis- ;236
gierzwaluw, Kaffer- ;236
gierzwaluw, Madeira- ;236
gierzwaluw, Schoorsteen-;415
Gierzwaluw, Siberische ;415
gierzwaluw, Stekelstaart-;415
Gierzwaluw. Vale ;236
Glanskop / Marsh Tit ;344
Glanstroepiaal / Common Grackle ;421
Glareola maldivarum ;412
Glareola nordmanni ;136
Glareola pratincola ;136
Glaucidium passerinum ;226
Gon-gon / Fea's Petrel ;72
gors, Bos- ;394
gors, Bruinkop-;400
gors, Dwerg- ;392
gors, Geel- ;398
gors, Geelbrauw-;392
Gors, Gestreepte ;402
Gors, Grauwe ;402

